2011/2012,Spain,FC Barcelona,73
2011/2012,Spain,Real Madrid CF,70
2015/2016,Spain,Real Madrid CF,70
2009/2010,England,Chelsea,68
2012/2013,Spain,Real Madrid CF,67
2015/2016,Spain,FC Barcelona,67
2014/2015,Spain,Real Madrid CF,65
2009/2010,Netherlands,Ajax,64
2013/2014,Spain,FC Barcelona,64
2014/2015,Spain,FC Barcelona,64
2012/2013,Spain,FC Barcelona,63
2013/2014,England,Manchester City,63
2013/2014,Spain,Real Madrid CF,63
2008/2009,Spain,FC Barcelona,61
2010/2011,Spain,Real Madrid CF,61
2009/2010,Spain,Real Madrid CF,60
2015/2016,France,Paris Saint-Germain,59
2012/2013,Netherlands,PSV,58
2009/2010,Spain,FC Barcelona,57
2011/2012,Netherlands,PSV,57
2012/2013,Germany,FC Bayern Munich,56
2011/2012,England,Manchester City,55
2015/2016,Scotland,Celtic,55
2009/2010,Switzerland,FC Basel,54
2008/2009,Switzerland,BSC Young Boys,53
2013/2014,England,Liverpool,53
2009/2010,England,Manchester United,52
2009/2010,Scotland,Rangers,52
2011/2012,England,Manchester United,52
2012/2013,Scotland,Celtic,52
2014/2015,France,Paris Saint-Germain,52
2015/2016,Portugal,SL Benfica,52
2008/2009,Germany,VfL Wolfsburg,51
2010/2011,Scotland,Celtic,51
2013/2014,France,Paris Saint-Germain,51
2015/2016,Germany,FC Bayern Munich,51
2013/2014,Scotland,Celtic,50
2014/2015,Netherlands,PSV,50
2014/2015,Scotland,Celtic,50
2015/2016,Switzerland,BSC Young Boys,50
2008/2009,Spain,Real Madrid CF,49
2010/2011,Netherlands,PSV,49
2010/2011,England,Manchester United,49
2011/2012,Germany,FC Bayern Munich,49
2011/2012,Netherlands,Ajax,49
2013/2014,Spain,Atlético Madrid,49
2015/2016,Germany,Borussia Dortmund,49
2015/2016,Netherlands,Ajax,49
2015/2016,Italy,Napoli,49
2008/2009,Scotland,Celtic,48
2008/2009,Belgium,RSC Anderlecht,48
2009/2010,England,Arsenal,48
2010/2011,Germany,FC Bayern Munich,48
2010/2011,Italy,Inter,48
2011/2012,France,LOSC Lille,48
2013/2014,Germany,FC Bayern Munich,48
2014/2015,Portugal,SL Benfica,48
2008/2009,Spain,Valencia CF,47
2008/2009,Spain,Atlético Madrid,47
2011/2012,Germany,FC Schalke 04,47
2012/2013,England,Arsenal,47
2013/2014,Italy,Juventus,47
2015/2016,England,Manchester City,47
2009/2010,Portugal,SL Benfica,46
2009/2010,Switzerland,FC Luzern,46
2010/2011,Spain,FC Barcelona,46
2014/2015,Germany,FC Bayern Munich,46
2008/2009,Germany,FC Bayern Munich,45
2012/2013,England,Manchester United,45
2014/2015,Italy,Juventus,45
2008/2009,Scotland,Rangers,44
2009/2010,France,LOSC Lille,44
2009/2010,Switzerland,FC Sion,44
2011/2012,Germany,Borussia Dortmund,44
2011/2012,Portugal,SL Benfica,44
2011/2012,Belgium,RSC Anderlecht,44
2011/2012,France,Olympique Lyonnais,44
2011/2012,Switzerland,FC Basel,44
2012/2013,Italy,Napoli,44
2013/2014,Italy,Roma,44
2013/2014,Netherlands,Feyenoord,44
2014/2015,Italy,Napoli,44
2014/2015,England,Manchester City,44
2015/2016,Switzerland,FC Basel,44
2015/2016,Italy,Roma,44
2008/2009,Belgium,,43
2008/2009,England,Manchester United,43
2008/2009,Germany,SV Werder Bremen,43
2009/2010,England,Liverpool,43
2010/2011,Portugal,FC Porto,43
2010/2011,Scotland,Rangers,43
2010/2011,Switzerland,FC Basel,43
2013/2014,Italy,Napoli,43
2013/2014,England,Chelsea,43
2013/2014,Germany,TSG 1899 Hoffenheim,43
2013/2014,Netherlands,FC Twente,43
2013/2014,Netherlands,SC Heerenveen,43
2014/2015,Switzerland,FC Basel,43
2008/2009,Belgium,Standard de Liège,42
2008/2009,Italy,Palermo,42
2009/2010,Scotland,Celtic,42
2009/2010,Italy,Inter,42
2009/2010,Switzerland,Grasshopper Club Zürich,42
2009/2010,Italy,Genoa,42
2009/2010,Spain,RCD Mallorca,42
2010/2011,Italy,Milan,42
2011/2012,France,Paris Saint-Germain,42
2012/2013,Spain,Valencia CF,42
2012/2013,Netherlands,Feyenoord,42
2012/2013,Spain,Atlético Madrid,42
2012/2013,Portugal,SL Benfica,42
2013/2014,Netherlands,Ajax,42
2013/2014,Spain,Athletic Club de Bilbao,42
2014/2015,Spain,Atlético Madrid,42
2014/2015,Switzerland,BSC Young Boys,42
2014/2015,Spain,Valencia CF,42
2015/2016,Germany,Borussia Mönchengladbach,42
2015/2016,Belgium,Club Brugge KV,42
2015/2016,France,Olympique Lyonnais,42
2008/2009,England,Liverpool,41
2008/2009,Netherlands,SC Heerenveen,41
2008/2009,Netherlands,Ajax,41
2008/2009,Netherlands,PSV,41
2009/2010,England,Manchester City,41
2009/2010,Switzerland,BSC Young Boys,41
2010/2011,England,Newcastle United,41
2010/2011,Poland,Polonia Bytom,41
2011/2012,Netherlands,FC Twente,41
2011/2012,England,Chelsea,41
2011/2012,Scotland,Celtic,41
2012/2013,Spain,Sevilla FC,41
2012/2013,Spain,Real Sociedad,41
2012/2013,England,Manchester City,41
2012/2013,England,Chelsea,41
2013/2014,Switzerland,FC Basel,41
2013/2014,Germany,Borussia Dortmund,41
2014/2015,England,Arsenal,41
2014/2015,Portugal,FC Porto,41
2014/2015,England,Manchester United,41
2015/2016,Netherlands,PSV,41
2015/2016,Portugal,SC Braga,41
2008/2009,Netherlands,FC Twente,40
2008/2009,England,Manchester City,40
2009/2010,England,Tottenham Hotspur,40
2009/2010,Portugal,FC Porto,40
2009/2010,Netherlands,PSV,40
2010/2011,France,LOSC Lille,40
2011/2012,Portugal,FC Porto,40
2011/2012,Spain,Valencia CF,40
2012/2013,Netherlands,Ajax,40
2012/2013,Italy,Roma,40
2012/2013,Italy,Fiorentina,40
2012/2013,Germany,Borussia Dortmund,40
2013/2014,Spain,Sevilla FC,40
2013/2014,Scotland,Dundee United,40
2014/2015,Netherlands,PEC Zwolle,40
2014/2015,France,Olympique Lyonnais,40
2014/2015,Italy,Lazio,40
2014/2015,France,Olympique de Marseille,40
2008/2009,Italy,Milan,39
2008/2009,Italy,Genoa,39
2008/2009,Switzerland,FC Basel,39
2009/2010,Germany,FC Bayern Munich,39
2009/2010,Germany,VfL Wolfsburg,39
2010/2011,Netherlands,Heracles Almelo,39
2010/2011,England,Chelsea,39
2010/2011,Belgium,RSC Anderlecht,39
2011/2012,England,Tottenham Hotspur,39
2011/2012,Netherlands,Feyenoord,39
2011/2012,Netherlands,FC Utrecht,39
2011/2012,England,Arsenal,39
2013/2014,Scotland,Motherwell,39
2014/2015,Germany,Bayer 04 Leverkusen,39
2015/2016,England,Southampton,39
2015/2016,Portugal,Sporting CP,39
2008/2009,Poland,Legia Warszawa,38
2008/2009,Netherlands,AZ,38
2008/2009,Italy,Juventus,38
2009/2010,Italy,Udinese,38
2010/2011,Netherlands,FC Twente,38
2010/2011,Netherlands,FC Utrecht,38
2010/2011,Netherlands,Ajax,38
2011/2012,Italy,Roma,38
2011/2012,Netherlands,AZ,38
2011/2012,Scotland,Rangers,38
2011/2012,Italy,Palermo,38
2012/2013,Netherlands,Heracles Almelo,38
2012/2013,Portugal,FC Porto,38
2012/2013,France,FC Lorient,38
2013/2014,Spain,Real Sociedad,38
2013/2014,Germany,Borussia Mönchengladbach,38
2013/2014,England,Everton,38
2014/2015,Portugal,Sporting CP,38
2014/2015,Germany,VfL Wolfsburg,38
2014/2015,Spain,Sevilla FC,38
2015/2016,Spain,Sevilla FC,38
2015/2016,Netherlands,AZ,38
2008/2009,Italy,Inter,37
2008/2009,Switzerland,FC Zürich,37
2008/2009,Belgium,Club Brugge KV,37
2009/2010,Netherlands,Roda JC Kerkrade,37
2009/2010,Italy,Cagliari,37
2009/2010,Italy,Milan,37
2009/2010,Germany,Bayer 04 Leverkusen,37
2009/2010,Spain,Atlético Madrid,37
2009/2010,Netherlands,FC Twente,37
2009/2010,France,Olympique de Marseille,37
2010/2011,Netherlands,FC Groningen,37
2010/2011,England,Liverpool,37
2010/2011,Belgium,KRC Genk,37
2010/2011,Switzerland,FC Zürich,37
2010/2011,Netherlands,AZ,37
2011/2012,France,Montpellier Hérault SC,37
2011/2012,Italy,Juventus,37
2011/2012,Netherlands,SC Heerenveen,37
2011/2012,Italy,Napoli,37
2013/2014,Germany,VfL Wolfsburg,37
2013/2014,Germany,FC Schalke 04,37
2014/2015,England,Southampton,37
2014/2015,Belgium,Club Brugge KV,37
2014/2015,Netherlands,Ajax,37
2015/2016,Italy,Juventus,37
2015/2016,Scotland,Heart of Midlothian,37
2008/2009,France,Girondins de Bordeaux,36
2008/2009,Poland,Polonia Bytom,36
2008/2009,Switzerland,Neuchâtel Xamax,36
2008/2009,Italy,Udinese,36
2009/2010,Netherlands,Heracles Almelo,36
2009/2010,Italy,Roma,36
2009/2010,France,FC Lorient,36
2010/2011,Netherlands,Feyenoord,36
2010/2011,Belgium,Club Brugge KV,36
2010/2011,France,FC Sochaux-Montbéliard,36
2010/2011,Netherlands,ADO Den Haag,36
2010/2011,Portugal,SL Benfica,36
2011/2012,Belgium,KRC Genk,36
2011/2012,Belgium,KAA Gent,36
2011/2012,Spain,Atlético Madrid,36
2011/2012,Germany,VfB Stuttgart,36
2011/2012,England,Fulham,36
2012/2013,France,AS Saint-Étienne,36
2012/2013,Belgium,KRC Genk,36
2012/2013,Switzerland,FC Basel,36
2012/2013,Germany,Bayer 04 Leverkusen,36
2012/2013,Italy,Juventus,36
2013/2014,France,AS Saint-Étienne,36
2013/2014,Spain,Villarreal CF,36
2013/2014,Italy,Fiorentina,36
2013/2014,Netherlands,AZ,36
2013/2014,England,Arsenal,36
2014/2015,Netherlands,Vitesse,36
2014/2015,England,Chelsea,36
2014/2015,Germany,Eintracht Frankfurt,36
2015/2016,Switzerland,FC Luzern,36
2008/2009,Italy,Roma,35
2008/2009,France,Olympique de Marseille,35
2009/2010,Switzerland,Neuchâtel Xamax,35
2009/2010,England,Everton,35
2009/2010,Spain,Villarreal CF,35
2010/2011,Netherlands,SC Heerenveen,35
2010/2011,Spain,Sevilla FC,35
2010/2011,France,Olympique Lyonnais,35
2010/2011,Spain,Atlético Madrid,35
2010/2011,Switzerland,BSC Young Boys,35
2010/2011,Germany,Borussia Dortmund,35
2010/2011,Italy,Juventus,35
2011/2012,Spain,Málaga CF,35
2012/2013,Scotland,Inverness Caledonian Thistle,35
2012/2013,France,OGC Nice,35
2012/2013,Belgium,RSC Anderlecht,35
2012/2013,Italy,Lazio,35
2012/2013,Germany,FC Schalke 04,35
2012/2013,Scotland,Motherwell,35
2012/2013,Switzerland,FC St. Gallen,35
2013/2014,Scotland,St. Johnstone FC,35
2013/2014,Italy,Hellas Verona,35
2013/2014,Spain,Valencia CF,35
2013/2014,Germany,Bayer 04 Leverkusen,35
2013/2014,Poland,Lech Poznań,35
2013/2014,Poland,Legia Warszawa,35
2013/2014,Portugal,FC Porto,35
2015/2016,Spain,Athletic Club de Bilbao,35
2015/2016,England,Everton,35
2015/2016,England,Leicester City,35
2015/2016,Switzerland,Grasshopper Club Zürich,35
2015/2016,Belgium,KAA Gent,35
2015/2016,Netherlands,PEC Zwolle,35
2015/2016,England,Tottenham Hotspur,35
2015/2016,Portugal,FC Porto,35
2015/2016,Belgium,KV Oostende,35
2008/2009,Germany,Borussia Dortmund,34
2008/2009,Germany,VfB Stuttgart,34
2008/2009,France,LOSC Lille,34
2008/2009,Netherlands,Feyenoord,34
2009/2010,Germany,SV Werder Bremen,34
2009/2010,France,Girondins de Bordeaux,34
2009/2010,Spain,Athletic Club de Bilbao,34
2009/2010,Spain,Valencia CF,34
2009/2010,Spain,Getafe CF,34
2009/2010,Italy,Palermo,34
2010/2011,Scotland,Dundee United,34
2010/2011,Spain,Valencia CF,34
2010/2011,France,Olympique de Marseille,34
2010/2011,England,Bolton Wanderers,34
2010/2011,England,Manchester City,34
2010/2011,Netherlands,Roda JC Kerkrade,34
2011/2012,Italy,Inter,34
2011/2012,Netherlands,Roda JC Kerkrade,34
2011/2012,Italy,Milan,34
2012/2013,Netherlands,Vitesse,34
2012/2013,France,Olympique Lyonnais,34
2012/2013,Switzerland,BSC Young Boys,34
2012/2013,France,Paris Saint-Germain,34
2012/2013,England,West Ham United,34
2012/2013,Portugal,SC Braga,34
2012/2013,Germany,Hannover 96,34
2013/2014,Netherlands,PSV,34
2013/2014,Switzerland,FC Aarau,34
2013/2014,Switzerland,Grasshopper Club Zürich,34
2014/2015,Switzerland,FC Thun,34
2014/2015,Poland,Lech Poznań,34
2015/2016,Poland,Cracovia,34
2015/2016,Italy,Fiorentina,34
2015/2016,Portugal,,34
2015/2016,England,West Ham United,34
2008/2009,Spain,Villarreal CF,33
2008/2009,England,Chelsea,33
2008/2009,Spain,RCD Mallorca,33
2008/2009,Italy,Sampdoria,33
2009/2010,Spain,Sevilla FC,33
2009/2010,Netherlands,AZ,33
2010/2011,Belgium,KAA Gent,33
2010/2011,Spain,Getafe CF,33
2010/2011,Italy,Palermo,33
2010/2011,Spain,Villarreal CF,33
2010/2011,England,Arsenal,33
2010/2011,France,Paris Saint-Germain,33
2010/2011,Germany,VfB Stuttgart,33
2010/2011,Germany,Bayer 04 Leverkusen,33
2010/2011,Spain,RCD Espanyol,33
2010/2011,Belgium,Standard de Liège,33
2010/2011,Italy,Napoli,33
2011/2012,Italy,Udinese,33
2011/2012,Spain,Levante UD,33
2011/2012,Portugal,SC Braga,33
2012/2013,Spain,Málaga CF,33
2012/2013,Italy,Milan,33
2012/2013,England,Liverpool,33
2012/2013,Poland,Legia Warszawa,33
2012/2013,France,Montpellier Hérault SC,33
2012/2013,Netherlands,FC Twente,33
2012/2013,England,Everton,33
2013/2014,England,Swansea City,33
2014/2015,Netherlands,SC Heerenveen,33
2014/2015,Italy,Genoa,33
2014/2015,Italy,Inter,33
2014/2015,Switzerland,FC Sion,33
2015/2016,Netherlands,Feyenoord,33
2015/2016,Spain,Atlético Madrid,33
2015/2016,England,Liverpool,33
2008/2009,Belgium,Beerschot AC,32
2008/2009,France,Olympique Lyonnais,32
2008/2009,Netherlands,FC Groningen,32
2008/2009,Switzerland,Grasshopper Club Zürich,32
2009/2010,England,Sunderland,32
2009/2010,France,Olympique Lyonnais,32
2009/2010,France,Paris Saint-Germain,32
2009/2010,Italy,Juventus,32
2009/2010,Netherlands,Feyenoord,32
2010/2011,Germany,Hannover 96,32
2010/2011,Switzerland,FC Luzern,32
2010/2011,Spain,Athletic Club de Bilbao,32
2011/2012,Switzerland,BSC Young Boys,32
2011/2012,Italy,Parma,32
2011/2012,Belgium,RAEC Mons,32
2011/2012,Spain,Sevilla FC,32
2011/2012,Portugal,Sporting CP,32
2012/2013,England,West Bromwich Albion,32
2012/2013,France,LOSC Lille,32
2012/2013,France,Valenciennes FC,32
2012/2013,Germany,Eintracht Frankfurt,32
2012/2013,Switzerland,FC Zürich,32
2013/2014,Switzerland,FC Thun,32
2013/2014,Netherlands,Vitesse,32
2013/2014,Italy,Lazio,32
2013/2014,Switzerland,BSC Young Boys,32
2013/2014,France,AS Monaco,32
2013/2014,England,Southampton,32
2014/2015,Portugal,SC Braga,32
2014/2015,England,Stoke City,32
2014/2015,France,AS Saint-Étienne,32
2014/2015,Scotland,Aberdeen,32
2014/2015,Switzerland,FC St. Gallen,32
2014/2015,Scotland,Partick Thistle F.C.,32
2014/2015,Netherlands,FC Utrecht,32
2014/2015,Scotland,Dundee United,32
2014/2015,Germany,Borussia Mönchengladbach,32
2015/2016,England,Chelsea,32
2015/2016,France,OGC Nice,32
2015/2016,Belgium,KRC Genk,32
2015/2016,Italy,Lazio,32
2015/2016,England,Newcastle United,32
2015/2016,Germany,VfL Wolfsburg,32
2008/2009,Belgium,KAA Gent,31
2008/2009,Germany,Hannover 96,31
2008/2009,Belgium,SV Zulte-Waregem,31
2008/2009,Germany,Bayer 04 Leverkusen,31
2008/2009,England,Arsenal,31
2008/2009,England,Everton,31
2008/2009,Poland,Wisła Kraków,31
2009/2010,Scotland,St. Johnstone FC,31
2009/2010,France,Stade Rennais FC,31
2009/2010,Switzerland,FC Zürich,31
2009/2010,Italy,Sampdoria,31
2010/2011,England,Everton,31
2010/2011,Italy,Roma,31
2010/2011,Italy,Lazio,31
2010/2011,England,Stoke City,31
2011/2012,Germany,SV Werder Bremen,31
2011/2012,Spain,RCD Espanyol,31
2011/2012,Germany,Hannover 96,31
2012/2013,France,Évian Thonon Gaillard FC,31
2012/2013,Italy,Udinese,31
2012/2013,Italy,Catania,31
2012/2013,Portugal,Estoril Praia,31
2013/2014,France,Girondins de Bordeaux,31
2013/2014,Netherlands,FC Utrecht,31
2013/2014,Netherlands,FC Groningen,31
2013/2014,Italy,Torino,31
2014/2015,Italy,Roma,31
2014/2015,Netherlands,Feyenoord,31
2014/2015,Germany,TSG 1899 Hoffenheim,31
2014/2015,France,Girondins de Bordeaux,31
2014/2015,Poland,Legia Warszawa,31
2014/2015,England,Tottenham Hotspur,31
2015/2016,France,En Avant de Guingamp,31
2015/2016,Switzerland,FC Sion,31
2015/2016,Netherlands,FC Twente,31
2015/2016,England,Arsenal,31
2015/2016,Germany,Bayer 04 Leverkusen,31
2008/2009,Germany,TSG 1899 Hoffenheim,30
2008/2009,Spain,RC Deportivo de La Coruña,30
2008/2009,Switzerland,FC Luzern,30
2008/2009,Portugal,,30
2009/2010,England,West Ham United,30
2009/2010,Netherlands,VVV-Venlo,30
2009/2010,Italy,Bari,30
2010/2011,Netherlands,N.E.C.,30
2010/2011,Poland,Cracovia,30
2010/2011,Germany,1. FC Köln,30
2010/2011,England,West Bromwich Albion,30
2010/2011,England,Fulham,30
2010/2011,England,Tottenham Hotspur,30
2010/2011,England,Wolverhampton Wanderers,30
2010/2011,England,Blackpool,30
2011/2012,Belgium,Club Brugge KV,30
2011/2012,Netherlands,Vitesse,30
2011/2012,France,Stade Rennais FC,30
2011/2012,Scotland,Heart of Midlothian,30
2011/2012,Netherlands,Heracles Almelo,30
2011/2012,France,AJ Auxerre,30
2012/2013,Italy,Bologna,30
2012/2013,France,SC Bastia,30
2012/2013,Switzerland,FC Thun,30
2012/2013,France,Toulouse FC,30
2012/2013,Italy,Inter,30
2012/2013,Scotland,Dundee United,30
2013/2014,France,Olympique Lyonnais,30
2013/2014,France,Olympique de Marseille,30
2013/2014,Portugal,SL Benfica,30
2013/2014,Netherlands,SC Cambuur,30
2013/2014,England,Tottenham Hotspur,30
2014/2015,Italy,Milan,30
2014/2015,Netherlands,ADO Den Haag,30
2014/2015,England,Liverpool,30
2014/2015,Belgium,KV Kortrijk,30
2014/2015,Netherlands,AZ,30
2014/2015,Spain,RC Celta de Vigo,30
2014/2015,Belgium,KAA Gent,30
2014/2015,Italy,Fiorentina,30
2014/2015,Scotland,Hamilton Academical FC,30
2014/2015,Italy,Palermo,30
2014/2015,France,Montpellier Hérault SC,30
2015/2016,Netherlands,Vitesse,30
2015/2016,Scotland,Dundee FC,30
2015/2016,Scotland,Aberdeen,30
2015/2016,Belgium,SV Zulte-Waregem,30
2015/2016,France,AS Monaco,30
2015/2016,Netherlands,FC Utrecht,30
2008/2009,Germany,Hertha BSC Berlin,29
2008/2009,Switzerland,AC Bellinzona,29
2008/2009,Portugal,Sporting CP,29
2008/2009,Belgium,KSV Cercle Brugge,29
2008/2009,France,Paris Saint-Germain,29
2008/2009,Italy,Fiorentina,29
2009/2010,Germany,Borussia Dortmund,29
2009/2010,Germany,FC Schalke 04,29
2009/2010,Scotland,Motherwell,29
2009/2010,Scotland,Hibernian,29
2009/2010,England,Aston Villa,29
2010/2011,Germany,Hamburger SV,29
2010/2011,Spain,Málaga CF,29
2010/2011,Poland,Jagiellonia Białystok,29
2010/2011,France,AS Saint-Étienne,29
2010/2011,Italy,Genoa,29
2011/2012,Netherlands,VVV-Venlo,29
2011/2012,Spain,Rayo Vallecano,29
2011/2012,England,Newcastle United,29
2011/2012,Italy,Genoa,29
2011/2012,France,Valenciennes FC,29
2011/2012,Spain,Real Sociedad,29
2011/2012,France,Évian Thonon Gaillard FC,29
2011/2012,Germany,VfL Wolfsburg,29
2011/2012,Germany,Borussia Mönchengladbach,29
2011/2012,Netherlands,FC Groningen,29
2011/2012,Scotland,Kilmarnock,29
2011/2012,Spain,Athletic Club de Bilbao,29
2012/2013,Belgium,Club Brugge KV,29
2012/2013,Netherlands,Roda JC Kerkrade,29
2012/2013,Netherlands,SC Heerenveen,29
2012/2013,Spain,Real Valladolid,29
2012/2013,Netherlands,AZ,29
2012/2013,England,Tottenham Hotspur,29
2013/2014,England,Manchester United,29
2013/2014,France,FC Lorient,29
2013/2014,Netherlands,N.E.C.,29
2013/2014,Netherlands,ADO Den Haag,29
2014/2015,Scotland,Inverness Caledonian Thistle,29
2014/2015,Spain,Villarreal CF,29
2014/2015,Spain,Real Sociedad,29
2015/2016,Spain,RC Celta de Vigo,29
2015/2016,Portugal,CD Nacional,29
2015/2016,France,Toulouse FC,29
2015/2016,Belgium,RSC Anderlecht,29
2015/2016,Switzerland,FC Zürich,29
2015/2016,Spain,Rayo Vallecano,29
2015/2016,Italy,Genoa,29
2015/2016,Italy,Inter,29
2015/2016,Italy,Sampdoria,29
2015/2016,Scotland,Ross County FC,29
2008/2009,Spain,Racing Santander,28
2008/2009,Spain,RCD Espanyol,28
2008/2009,Spain,Athletic Club de Bilbao,28
2008/2009,England,Fulham,28
2008/2009,Scotland,Heart of Midlothian,28
2008/2009,Spain,Sevilla FC,28
2008/2009,Spain,Málaga CF,28
2008/2009,France,Stade Rennais FC,28
2008/2009,Italy,Atalanta,28
2008/2009,Belgium,Royal Excel Mouscron,28
2009/2010,Germany,VfB Stuttgart,28
2009/2010,Italy,Fiorentina,28
2009/2010,England,Blackburn Rovers,28
2009/2010,Poland,Lech Poznań,28
2010/2011,Netherlands,Willem II,28
2010/2011,Italy,Lecce,28
2010/2011,Italy,Fiorentina,28
2010/2011,Spain,CA Osasuna,28
2010/2011,Germany,TSG 1899 Hoffenheim,28
2010/2011,Portugal,SC Braga,28
2010/2011,France,Valenciennes FC,28
2010/2011,Netherlands,Excelsior,28
2010/2011,Germany,1. FC Nürnberg,28
2011/2012,England,Norwich City,28
2011/2012,England,Everton,28
2011/2012,Germany,Bayer 04 Leverkusen,28
2011/2012,Spain,Real Betis Balompié,28
2011/2012,Belgium,Standard de Liège,28
2012/2013,Belgium,Standard de Liège,28
2012/2013,Spain,Real Betis Balompié,28
2012/2013,Italy,Parma,28
2012/2013,England,Swansea City,28
2012/2013,England,Fulham,28
2013/2014,Switzerland,FC Sion,28
2013/2014,Italy,Atalanta,28
2013/2014,Italy,Milan,28
2013/2014,Germany,VfB Stuttgart,28
2013/2014,Germany,1. FSV Mainz 05,28
2013/2014,Italy,Sampdoria,28
2013/2014,Spain,Rayo Vallecano,28
2013/2014,Portugal,Sporting CP,28
2013/2014,Poland,Jagiellonia Białystok,28
2013/2014,Switzerland,FC Zürich,28
2014/2015,Spain,Athletic Club de Bilbao,28
2014/2015,France,Toulouse FC,28
2014/2015,Portugal,FC Paços de Ferreira,28
2014/2015,Germany,FC Augsburg,28
2014/2015,Portugal,Vitória Guimarães,28
2014/2015,England,Leicester City,28
2015/2016,Netherlands,Heracles Almelo,28
2015/2016,Poland,Lechia Gdańsk,28
2015/2016,Spain,Real Sporting de Gijón,28
2015/2016,Portugal,FC Arouca,28
2015/2016,Germany,FC Schalke 04,28
2015/2016,Belgium,KV Mechelen,28
2015/2016,France,Stade de Reims,28
2015/2016,Italy,Milan,28
2015/2016,Poland,Legia Warszawa,28
2008/2009,Spain,CA Osasuna,27
2008/2009,England,Aston Villa,27
2008/2009,Netherlands,FC Utrecht,27
2008/2009,Italy,Bologna,27
2008/2009,Italy,Napoli,27
2008/2009,France,Valenciennes FC,27
2008/2009,Spain,UD Almería,27
2008/2009,Spain,Getafe CF,27
2008/2009,Netherlands,,27
2008/2009,Netherlands,Vitesse,27
2008/2009,Germany,Hamburger SV,27
2009/2010,England,Fulham,27
2009/2010,France,RC Lens,27
2009/2010,Belgium,RSC Anderlecht,27
2009/2010,Portugal,SC Braga,27
2009/2010,Spain,Real Zaragoza,27
2009/2010,Germany,Hannover 96,27
2010/2011,Scotland,Heart of Midlothian,27
2010/2011,Italy,Catania,27
2010/2011,Italy,Cagliari,27
2010/2011,Netherlands,NAC Breda,27
2010/2011,Spain,Real Sociedad,27
2010/2011,Poland,Wisła Kraków,27
2010/2011,Spain,Hércules Club de Fútbol,27
2010/2011,France,FC Lorient,27
2010/2011,Poland,Lech Poznań,27
2010/2011,Germany,VfL Wolfsburg,27
2010/2011,Italy,Udinese,27
2010/2011,Poland,Śląsk Wrocław,27
2010/2011,Poland,Legia Warszawa,27
2011/2012,Scotland,Motherwell,27
2011/2012,Scotland,Dundee United,27
2011/2012,Germany,1. FSV Mainz 05,27
2011/2012,Italy,Lazio,27
2011/2012,Netherlands,NAC Breda,27
2011/2012,France,AS Saint-Étienne,27
2011/2012,Switzerland,FC Thun,27
2011/2012,England,Swansea City,27
2012/2013,Netherlands,FC Utrecht,27
2012/2013,Scotland,Heart of Midlothian,27
2012/2013,Belgium,SV Zulte-Waregem,27
2012/2013,Spain,Rayo Vallecano,27
2012/2013,Germany,Borussia Mönchengladbach,27
2013/2014,Netherlands,Go Ahead Eagles,27
2013/2014,Germany,FC Augsburg,27
2013/2014,Germany,Hannover 96,27
2013/2014,England,Stoke City,27
2013/2014,Italy,Parma,27
2013/2014,Italy,Inter,27
2013/2014,Poland,Zawisza Bydgoszcz,27
2013/2014,Italy,Udinese,27
2014/2015,England,Everton,27
2014/2015,Portugal,CS Marítimo,27
2014/2015,England,Swansea City,27
2014/2015,Italy,Hellas Verona,27
2014/2015,Germany,1. FSV Mainz 05,27
2014/2015,Portugal,CD Nacional,27
2014/2015,Belgium,Sporting Lokeren,27
2015/2016,Scotland,St. Johnstone FC,27
2015/2016,Scotland,Motherwell,27
2015/2016,Italy,Atalanta,27
2015/2016,Germany,SV Werder Bremen,27
2015/2016,France,Girondins de Bordeaux,27
2015/2016,France,Olympique de Marseille,27
2015/2016,England,Manchester United,27
2015/2016,Poland,Piast Gliwice,27
2008/2009,France,AS Monaco,26
2008/2009,Germany,FC Schalke 04,26
2008/2009,Germany,Eintracht Frankfurt,26
2008/2009,Netherlands,Sparta Rotterdam,26
2008/2009,France,Toulouse FC,26
2008/2009,England,Portsmouth,26
2008/2009,England,West Bromwich Albion,26
2008/2009,Belgium,Sporting Charleroi,26
2009/2010,France,AS Monaco,26
2009/2010,Netherlands,NAC Breda,26
2009/2010,Italy,Napoli,26
2009/2010,Germany,TSG 1899 Hoffenheim,26
2009/2010,Spain,CD Tenerife,26
2009/2010,England,Bolton Wanderers,26
2009/2010,Belgium,KAA Gent,26
2009/2010,Poland,Legia Warszawa,26
2010/2011,Scotland,Kilmarnock,26
2010/2011,Spain,Real Zaragoza,26
2010/2011,Germany,SV Werder Bremen,26
2010/2011,Germany,Borussia Mönchengladbach,26
2010/2011,Poland,Widzew Łódź,26
2010/2011,France,AJ Auxerre,26
2010/2011,Switzerland,FC Thun,26
2010/2011,Switzerland,Grasshopper Club Zürich,26
2010/2011,England,Aston Villa,26
2011/2012,Netherlands,N.E.C.,26
2011/2012,Spain,CA Osasuna,26
2011/2012,Spain,Villarreal CF,26
2011/2012,France,Olympique de Marseille,26
2011/2012,Switzerland,FC Luzern,26
2011/2012,Poland,Widzew Łódź,26
2011/2012,Poland,Śląsk Wrocław,26
2011/2012,England,Sunderland,26
2011/2012,Belgium,Beerschot AC,26
2011/2012,England,Blackburn Rovers,26
2012/2013,Belgium,Oud-Heverlee Leuven,26
2012/2013,Spain,RCD Mallorca,26
2012/2013,Portugal,CD Nacional,26
2012/2013,England,Southampton,26
2012/2013,Scotland,Hibernian,26
2012/2013,Italy,Genoa,26
2012/2013,England,Wigan Athletic,26
2013/2014,Portugal,CS Marítimo,26
2013/2014,Portugal,SC Braga,26
2013/2014,Switzerland,FC Luzern,26
2013/2014,Netherlands,PEC Zwolle,26
2013/2014,Portugal,Vitória Setúbal,26
2013/2014,Netherlands,RKC Waalwijk,26
2013/2014,Scotland,Inverness Caledonian Thistle,26
2013/2014,France,Stade de Reims,26
2013/2014,Spain,UD Almería,26
2014/2015,France,FC Metz,26
2014/2015,Germany,FC Schalke 04,26
2014/2015,Germany,Borussia Dortmund,26
2014/2015,France,SM Caen,26
2014/2015,Spain,Málaga CF,26
2014/2015,Spain,Rayo Vallecano,26
2014/2015,Italy,Empoli,26
2014/2015,Netherlands,FC Groningen,26
2014/2015,Poland,Piast Gliwice,26
2014/2015,Italy,Udinese,26
2014/2015,Netherlands,Excelsior,26
2014/2015,Belgium,Standard de Liège,26
2014/2015,Netherlands,FC Twente,26
2014/2015,France,LOSC Lille,26
2014/2015,England,Newcastle United,26
2015/2016,France,Montpellier Hérault SC,26
2015/2016,Spain,Granada CF,26
2015/2016,England,Norwich City,26
2015/2016,Spain,Villarreal CF,26
2015/2016,France,FC Lorient,26
2015/2016,Switzerland,FC Thun,26
2015/2016,Spain,Málaga CF,26
2015/2016,Spain,SD Eibar,26
2008/2009,Poland,Śląsk Wrocław,25
2008/2009,Scotland,Dundee United,25
2008/2009,France,AS Saint-Étienne,25
2008/2009,Netherlands,N.E.C.,25
2009/2010,England,Burnley,25
2009/2010,Germany,Eintracht Frankfurt,25
2009/2010,Netherlands,FC Groningen,25
2009/2010,Germany,Hamburger SV,25
2009/2010,Germany,Borussia Mönchengladbach,25
2009/2010,Spain,UD Almería,25
2009/2010,Italy,Catania,25
2009/2010,Netherlands,SC Heerenveen,25
2009/2010,Italy,Bologna,25
2010/2011,Belgium,KV Kortrijk,25
2010/2011,Scotland,Inverness Caledonian Thistle,25
2010/2011,Spain,Levante UD,25
2010/2011,Switzerland,FC Sion,25
2010/2011,Belgium,Sporting Lokeren,25
2010/2011,Spain,Racing Santander,25
2010/2011,Germany,1. FC Kaiserslautern,25
2010/2011,England,Sunderland,25
2010/2011,Spain,RCD Mallorca,25
2011/2012,Poland,GKS Bełchatów,25
2011/2012,Belgium,Oud-Heverlee Leuven,25
2011/2012,Poland,Lech Poznań,25
2011/2012,France,Girondins de Bordeaux,25
2011/2012,England,Stoke City,25
2012/2013,Spain,Levante UD,25
2012/2013,Scotland,St. Johnstone FC,25
2012/2013,Netherlands,NAC Breda,25
2012/2013,England,Norwich City,25
2012/2013,Scotland,St. Mirren,25
2012/2013,Scotland,Kilmarnock,25
2012/2013,Belgium,RAEC Mons,25
2012/2013,Spain,Getafe CF,25
2012/2013,France,FC Sochaux-Montbéliard,25
2012/2013,France,ES Troyes AC,25
2012/2013,Netherlands,ADO Den Haag,25
2012/2013,Italy,Sampdoria,25
2012/2013,Germany,SC Freiburg,25
2012/2013,Switzerland,Grasshopper Club Zürich,25
2012/2013,France,Olympique de Marseille,25
2012/2013,Spain,RCD Espanyol,25
2013/2014,Poland,Korona Kielce,25
2013/2014,Italy,Catania,25
2013/2014,France,Évian Thonon Gaillard FC,25
2013/2014,Netherlands,NAC Breda,25
2013/2014,Scotland,Ross County FC,25
2013/2014,Poland,Pogoń Szczecin,25
2013/2014,Germany,SC Freiburg,25
2013/2014,England,West Ham United,25
2013/2014,Scotland,Kilmarnock,25
2013/2014,France,LOSC Lille,25
2014/2015,Belgium,KRC Genk,25
2014/2015,Poland,Jagiellonia Białystok,25
2014/2015,Switzerland,FC Luzern,25
2014/2015,Netherlands,Willem II,25
2014/2015,Switzerland,Grasshopper Club Zürich,25
2014/2015,Italy,Torino,25
2014/2015,Belgium,RSC Anderlecht,25
2014/2015,Belgium,KVC Westerlo,25
2014/2015,England,West Ham United,25
2014/2015,Italy,Sassuolo,25
2014/2015,Netherlands,SC Cambuur,25
2014/2015,Scotland,Dundee FC,25
2014/2015,Germany,SV Werder Bremen,25
2014/2015,Poland,Polonia Bytom,25
2015/2016,Netherlands,N.E.C.,25
2015/2016,Netherlands,FC Groningen,25
2015/2016,Spain,Valencia CF,25
2015/2016,Portugal,CS Marítimo,25
2015/2016,Scotland,Inverness Caledonian Thistle,25
2015/2016,Spain,UD Las Palmas,25
2015/2016,France,Stade Rennais FC,25
2015/2016,France,AS Saint-Étienne,25
2015/2016,Switzerland,FC St. Gallen,25
2015/2016,Italy,Sassuolo,25
2015/2016,Spain,RC Deportivo de La Coruña,25
2015/2016,Italy,Torino,25
2015/2016,Italy,Chievo Verona,25
2015/2016,Switzerland,,25
2008/2009,Spain,Real Sporting de Gijón,24
2008/2009,Spain,Real Betis Balompié,24
2008/2009,Italy,Cagliari,24
2008/2009,Poland,Jagiellonia Białystok,24
2008/2009,Portugal,CD Nacional,24
2008/2009,Italy,Catania,24
2008/2009,Belgium,KV Mechelen,24
2008/2009,England,Newcastle United,24
2008/2009,France,FC Sochaux-Montbéliard,24
2008/2009,Scotland,Motherwell,24
2009/2010,Italy,Atalanta,24
2009/2010,Belgium,Club Brugge KV,24
2009/2010,France,AJ Auxerre,24
2009/2010,France,Grenoble Foot 38,24
2009/2010,Switzerland,AC Bellinzona,24
2009/2010,England,Stoke City,24
2009/2010,England,Portsmouth,24
2009/2010,Portugal,Sporting CP,24
2009/2010,Belgium,KSV Cercle Brugge,24
2009/2010,France,Montpellier Hérault SC,24
2009/2010,Italy,Parma,24
2009/2010,Switzerland,FC St. Gallen,24
2010/2011,England,West Ham United,24
2010/2011,Germany,FC Schalke 04,24
2010/2011,Germany,SC Freiburg,24
2010/2011,Scotland,Motherwell,24
2011/2012,England,Queens Park Rangers,24
2011/2012,England,Liverpool,24
2011/2012,France,AS Nancy-Lorraine,24
2011/2012,Netherlands,RKC Waalwijk,24
2011/2012,Germany,SC Freiburg,24
2011/2012,Portugal,CD Nacional,24
2011/2012,Spain,Getafe CF,24
2011/2012,Poland,Ruch Chorzów,24
2011/2012,Spain,Real Sporting de Gijón,24
2011/2012,Belgium,KV Kortrijk,24
2011/2012,Italy,Siena,24
2012/2013,Italy,Palermo,24
2012/2013,Italy,Cagliari,24
2012/2013,England,Newcastle United,24
2012/2013,Belgium,KV Kortrijk,24
2012/2013,Germany,Fortuna Düsseldorf,24
2012/2013,Belgium,Sporting Lokeren,24
2012/2013,Belgium,KV Mechelen,24
2012/2013,Germany,1. FC Nürnberg,24
2012/2013,Netherlands,RKC Waalwijk,24
2012/2013,Poland,Korona Kielce,24
2012/2013,Poland,Zagłębie Lubin,24
2012/2013,Switzerland,FC Lausanne-Sports,24
2012/2013,Poland,Lech Poznań,24
2013/2014,Poland,Polonia Bytom,24
2013/2014,Italy,Cagliari,24
2013/2014,Poland,Lechia Gdańsk,24
2013/2014,France,Stade Rennais FC,24
2013/2014,Germany,Hamburger SV,24
2013/2014,England,West Bromwich Albion,24
2013/2014,England,Fulham,24
2013/2014,Spain,Málaga CF,24
2013/2014,France,SC Bastia,24
2014/2015,Poland,Górnik Łęczna,24
2014/2015,England,West Bromwich Albion,24
2014/2015,Belgium,KV Oostende,24
2014/2015,France,Stade de Reims,24
2014/2015,Poland,Pogoń Szczecin,24
2014/2015,France,SC Bastia,24
2014/2015,Italy,Cagliari,24
2014/2015,Switzerland,FC Zürich,24
2015/2016,Portugal,CF Os Belenenses,24
2015/2016,Germany,Hertha BSC Berlin,24
2015/2016,Italy,Palermo,24
2015/2016,Netherlands,SC Heerenveen,24
2015/2016,Portugal,FC Paços de Ferreira,24
2015/2016,Portugal,Estoril Praia,24
2008/2009,Spain,CD Numancia,23
2008/2009,Scotland,Hibernian,23
2008/2009,England,West Ham United,23
2008/2009,Belgium,KRC Genk,23
2008/2009,Italy,Lazio,23
2008/2009,Italy,Reggio Calabria,23
2008/2009,Belgium,KVC Westerlo,23
2008/2009,Germany,Borussia Mönchengladbach,23
2008/2009,Portugal,FC Porto,23
2008/2009,Portugal,SL Benfica,23
2008/2009,Germany,VfL Bochum,23
2009/2010,Poland,Korona Kielce,23
2009/2010,Poland,GKS Bełchatów,23
2009/2010,Spain,Real Valladolid,23
2009/2010,Netherlands,Willem II,23
2009/2010,Scotland,Kilmarnock,23
2009/2010,Belgium,SV Zulte-Waregem,23
2009/2010,France,Valenciennes FC,23
2009/2010,France,OGC Nice,23
2010/2011,Netherlands,Vitesse,23
2010/2011,Belgium,SV Zulte-Waregem,23
2010/2011,France,AS Nancy-Lorraine,23
2010/2011,Spain,UD Almería,23
2010/2011,Switzerland,Neuchâtel Xamax,23
2010/2011,Spain,Real Sporting de Gijón,23
2011/2012,Belgium,SV Zulte-Waregem,23
2011/2012,Poland,Polonia Bytom,23
2011/2012,Italy,Catania,23
2011/2012,Switzerland,FC Zürich,23
2011/2012,Poland,Jagiellonia Białystok,23
2011/2012,France,Dijon FCO,23
2011/2012,Portugal,Rio Ave FC,23
2011/2012,Scotland,St. Mirren,23
2011/2012,Switzerland,Servette FC,23
2011/2012,England,Bolton Wanderers,23
2012/2013,Poland,Lechia Gdańsk,23
2012/2013,Spain,Real Zaragoza,23
2012/2013,Italy,Torino,23
2012/2013,Spain,RC Celta de Vigo,23
2012/2013,Poland,Śląsk Wrocław,23
2012/2013,Spain,RC Deportivo de La Coruña,23
2012/2013,Netherlands,Willem II,23
2012/2013,England,Reading,23
2012/2013,England,Aston Villa,23
2012/2013,Germany,SV Werder Bremen,23
2012/2013,France,Stade Rennais FC,23
2012/2013,Netherlands,PEC Zwolle,23
2013/2014,Italy,Livorno,23
2013/2014,England,Newcastle United,23
2013/2014,Portugal,CD Nacional,23
2013/2014,Italy,Sassuolo,23
2013/2014,France,Valenciennes FC,23
2013/2014,Spain,RCD Espanyol,23
2013/2014,Spain,RC Celta de Vigo,23
2013/2014,Poland,Wisła Kraków,23
2013/2014,Poland,Zagłębie Lubin,23
2013/2014,France,Toulouse FC,23
2013/2014,France,AC Ajaccio,23
2013/2014,Scotland,St. Mirren,23
2014/2015,Scotland,Motherwell,23
2014/2015,France,AS Monaco,23
2014/2015,Spain,RCD Espanyol,23
2014/2015,England,Queens Park Rangers,23
2014/2015,Belgium,Royal Excel Mouscron,23
2014/2015,France,En Avant de Guingamp,23
2014/2015,Netherlands,Heracles Almelo,23
2014/2015,Scotland,Kilmarnock,23
2014/2015,Italy,Sampdoria,23
2014/2015,Belgium,Sporting Charleroi,23
2015/2016,Spain,Getafe CF,23
2015/2016,Belgium,Oud-Heverlee Leuven,23
2015/2016,Italy,Carpi,23
2015/2016,Netherlands,De Graafschap,23
2015/2016,France,SC Bastia,23
2015/2016,Germany,1. FSV Mainz 05,23
2015/2016,England,Sunderland,23
2015/2016,Spain,Levante UD,23
2015/2016,England,Bournemouth,23
2015/2016,France,GFC Ajaccio,23
2015/2016,Poland,Zagłębie Lubin,23
2015/2016,Portugal,Vitória Guimarães,23
2008/2009,Netherlands,Roda JC Kerkrade,22
2008/2009,Portugal,FC Paços de Ferreira,22
2008/2009,Spain,Real Valladolid,22
2008/2009,England,Blackburn Rovers,22
2008/2009,Scotland,Aberdeen,22
2008/2009,England,Stoke City,22
2008/2009,France,SM Caen,22
2008/2009,Netherlands,Willem II,22
2008/2009,Poland,Lech Poznań,22
2008/2009,France,OGC Nice,22
2008/2009,Netherlands,Heracles Almelo,22
2008/2009,Belgium,Sporting Lokeren,22
2009/2010,Netherlands,Vitesse,22
2009/2010,Germany,1. FSV Mainz 05,22
2009/2010,Poland,Ruch Chorzów,22
2009/2010,Spain,RC Deportivo de La Coruña,22
2009/2010,Scotland,Dundee United,22
2009/2010,Portugal,CS Marítimo,22
2009/2010,England,Hull City,22
2009/2010,France,Le Mans FC,22
2010/2011,Belgium,KV Mechelen,22
2010/2011,Poland,P. Warszawa,22
2010/2011,Netherlands,De Graafschap,22
2010/2011,Italy,Brescia,22
2010/2011,England,Wigan Athletic,22
2010/2011,France,Girondins de Bordeaux,22
2010/2011,France,SM Caen,22
2010/2011,England,Blackburn Rovers,22
2010/2011,France,Stade Rennais FC,22
2010/2011,France,OGC Nice,22
2010/2011,Germany,1. FSV Mainz 05,22
2010/2011,Scotland,Aberdeen,22
2010/2011,Spain,RC Deportivo de La Coruña,22
2011/2012,England,Wigan Athletic,22
2011/2012,Scotland,Dunfermline Athletic,22
2011/2012,Poland,P. Warszawa,22
2011/2012,Scotland,Aberdeen,22
2011/2012,Portugal,CS Marítimo,22
2011/2012,Poland,Legia Warszawa,22
2011/2012,Spain,Granada CF,22
2011/2012,Italy,Atalanta,22
2011/2012,Germany,1. FC Nürnberg,22
2011/2012,France,Stade Brestois 29,22
2011/2012,France,AC Ajaccio,22
2011/2012,Netherlands,ADO Den Haag,22
2011/2012,Belgium,KV Mechelen,22
2012/2013,Spain,Athletic Club de Bilbao,22
2012/2013,Portugal,Académica de Coimbra,22
2012/2013,Netherlands,VVV-Venlo,22
2012/2013,Germany,1. FSV Mainz 05,22
2012/2013,France,Girondins de Bordeaux,22
2012/2013,Scotland,Ross County FC,22
2013/2014,Switzerland,FC St. Gallen,22
2013/2014,France,OGC Nice,22
2013/2014,England,Aston Villa,22
2013/2014,France,Montpellier Hérault SC,22
2013/2014,Germany,Eintracht Frankfurt,22
2013/2014,Italy,Genoa,22
2014/2015,Portugal,Estoril Praia,22
2014/2015,Poland,Podbeskidzie Bielsko-Biała,22
2014/2015,Spain,RC Deportivo de La Coruña,22
2014/2015,Poland,Korona Kielce,22
2014/2015,France,Stade Rennais FC,22
2014/2015,Italy,Atalanta,22
2015/2016,Italy,Empoli,22
2015/2016,England,Stoke City,22
2015/2016,Germany,TSG 1899 Hoffenheim,22
2015/2016,Belgium,Standard de Liège,22
2015/2016,Scotland,Dundee United,22
2015/2016,Germany,FC Ingolstadt 04,22
2015/2016,Germany,Eintracht Frankfurt,22
2015/2016,Spain,Real Sociedad,22
2015/2016,Germany,VfB Stuttgart,22
2015/2016,Spain,RCD Espanyol,22
2008/2009,France,FC Nantes,21
2008/2009,France,FC Lorient,21
2008/2009,England,Sunderland,21
2008/2009,England,Bolton Wanderers,21
2008/2009,Poland,GKS Bełchatów,21
2008/2009,Portugal,CS Marítimo,21
2008/2009,Italy,Torino,21
2008/2009,Poland,Lechia Gdańsk,21
2008/2009,Switzerland,FC Sion,21
2008/2009,Belgium,KSV Roeselare,21
2008/2009,England,Tottenham Hotspur,21
2008/2009,Netherlands,NAC Breda,21
2008/2009,Netherlands,ADO Den Haag,21
2009/2010,Portugal,Vitória Guimarães,21
2009/2010,Spain,Málaga CF,21
2009/2010,Spain,CA Osasuna,21
2009/2010,Netherlands,ADO Den Haag,21
2009/2010,Netherlands,FC Utrecht,21
2009/2010,Belgium,Sint-Truidense VV,21
2009/2010,Belgium,KV Mechelen,21
2009/2010,Belgium,KV Kortrijk,21
2010/2011,Italy,Parma,21
2010/2011,Italy,Sampdoria,21
2010/2011,Germany,FC St. Pauli,21
2010/2011,Switzerland,AC Bellinzona,21
2010/2011,France,Montpellier Hérault SC,21
2010/2011,Scotland,Hibernian,21
2010/2011,France,Stade Brestois 29,21
2010/2011,Belgium,KVC Westerlo,21
2011/2012,Italy,Cagliari,21
2011/2012,Italy,Bologna,21
2011/2012,Italy,Fiorentina,21
2011/2012,Germany,TSG 1899 Hoffenheim,21
2011/2012,England,West Bromwich Albion,21
2011/2012,Belgium,Sporting Lokeren,21
2011/2012,France,OGC Nice,21
2011/2012,France,FC Sochaux-Montbéliard,21
2011/2012,Spain,RCD Mallorca,21
2012/2013,Portugal,SC Beira Mar,21
2012/2013,Spain,Granada CF,21
2012/2013,England,Stoke City,21
2012/2013,Germany,TSG 1899 Hoffenheim,21
2012/2013,Germany,VfL Wolfsburg,21
2012/2013,Poland,Podbeskidzie Bielsko-Biała,21
2013/2014,England,Sunderland,21
2013/2014,France,En Avant de Guingamp,21
2013/2014,Scotland,Heart of Midlothian,21
2013/2014,Scotland,Partick Thistle F.C.,21
2013/2014,Netherlands,Roda JC Kerkrade,21
2013/2014,Poland,Śląsk Wrocław,21
2013/2014,France,FC Nantes,21
2013/2014,Germany,SV Werder Bremen,21
2014/2015,France,OGC Nice,21
2014/2015,Poland,Cracovia,21
2014/2015,Poland,Śląsk Wrocław,21
2014/2015,Scotland,Ross County FC,21
2014/2015,Belgium,KV Mechelen,21
2014/2015,Germany,SC Paderborn 07,21
2014/2015,Germany,Hannover 96,21
2014/2015,Germany,SC Freiburg,21
2014/2015,England,Crystal Palace,21
2014/2015,Portugal,Rio Ave FC,21
2015/2016,Scotland,Hamilton Academical FC,21
2015/2016,Italy,Hellas Verona,21
2015/2016,Poland,,21
2015/2016,France,LOSC Lille,21
2015/2016,Scotland,Partick Thistle F.C.,21
2015/2016,Netherlands,Excelsior,21
2008/2009,Belgium,KV Kortrijk,20
2008/2009,Switzerland,FC Aarau,20
2008/2009,Italy,Lecce,20
2009/2010,Belgium,Standard de Liège,20
2009/2010,Portugal,Académica de Coimbra,20
2009/2010,Netherlands,N.E.C.,20
2009/2010,Belgium,Beerschot AC,20
2009/2010,Scotland,Aberdeen,20
2009/2010,France,AS Nancy-Lorraine,20
2009/2010,Italy,Chievo Verona,20
2009/2010,Spain,RCD Espanyol,20
2009/2010,Spain,Xerez Club Deportivo,20
2009/2010,Spain,Real Sporting de Gijón,20
2009/2010,Portugal,CD Nacional,20
2010/2011,Poland,Korona Kielce,20
2010/2011,Belgium,KSV Cercle Brugge,20
2010/2011,France,RC Lens,20
2010/2011,Portugal,FC Paços de Ferreira,20
2010/2011,Poland,Lechia Gdańsk,20
2010/2011,Scotland,St. Mirren,20
2010/2011,Netherlands,VVV-Venlo,20
2011/2012,England,Aston Villa,20
2011/2012,Scotland,St. Johnstone FC,20
2011/2012,Belgium,Sint-Truidense VV,20
2011/2012,Italy,Lecce,20
2011/2012,Germany,FC Augsburg,20
2011/2012,Germany,1. FC Köln,20
2011/2012,Portugal,Vitória Guimarães,20
2011/2012,Portugal,FC Paços de Ferreira,20
2011/2012,France,FC Lorient,20
2011/2012,France,Toulouse FC,20
2011/2012,France,SM Caen,20
2012/2013,France,Stade de Reims,20
2012/2013,Germany,VfB Stuttgart,20
2012/2013,Belgium,Beerschot AC,20
2012/2013,Switzerland,FC Sion,20
2012/2013,Netherlands,FC Groningen,20
2012/2013,Portugal,FC Paços de Ferreira,20
2012/2013,Poland,P. Warszawa,20
2012/2013,England,Sunderland,20
2013/2014,England,Hull City,20
2013/2014,Germany,Hertha BSC Berlin,20
2013/2014,Scotland,Aberdeen,20
2013/2014,Spain,Getafe CF,20
2013/2014,Spain,Real Valladolid,20
2013/2014,England,Cardiff City,20
2013/2014,France,FC Sochaux-Montbéliard,20
2013/2014,Scotland,Hibernian,20
2013/2014,Spain,CA Osasuna,20
2014/2015,Spain,SD Eibar,20
2014/2015,Spain,Levante UD,20
2014/2015,Poland,Ruch Chorzów,20
2014/2015,Spain,UD Almería,20
2014/2015,Portugal,Boavista FC,20
2014/2015,Poland,Wisła Kraków,20
2014/2015,France,Évian Thonon Gaillard FC,20
2015/2016,Germany,Hamburger SV,20
2015/2016,Italy,Bologna,20
2015/2016,Poland,Ruch Chorzów,20
2015/2016,France,Angers SCO,20
2015/2016,Belgium,Sporting Charleroi,20
2015/2016,Portugal,Rio Ave FC,20
2015/2016,Switzerland,FC Vaduz,20
2015/2016,France,FC Nantes,20
2015/2016,Portugal,Académica de Coimbra,20
2015/2016,England,Watford,20
2015/2016,Poland,Lech Poznań,20
2015/2016,Poland,Wisła Kraków,20
2015/2016,England,Swansea City,20
2015/2016,Netherlands,ADO Den Haag,20
2015/2016,England,West Bromwich Albion,20
2008/2009,Germany,FC Energie Cottbus,19
2008/2009,Switzerland,FC Vaduz,19
2008/2009,Poland,Arka Gdynia,19
2008/2009,Scotland,Falkirk,19
2008/2009,Poland,P. Warszawa,19
2008/2009,France,AS Nancy-Lorraine,19
2008/2009,Belgium,RAEC Mons,19
2009/2010,Scotland,Hamilton Academical FC,19
2009/2010,Portugal,"União de Leiria, SAD",19
2009/2010,England,Birmingham City,19
2009/2010,England,Wigan Athletic,19
2009/2010,Scotland,Heart of Midlothian,19
2009/2010,Italy,Livorno,19
2009/2010,Italy,Lazio,19
2009/2010,France,US Boulogne Cote D'Opale,19
2009/2010,Belgium,KVC Westerlo,19
2009/2010,France,Toulouse FC,19
2009/2010,Poland,Polonia Bytom,19
2009/2010,Poland,Śląsk Wrocław,19
2010/2011,France,Toulouse FC,19
2010/2011,Poland,Arka Gdynia,19
2010/2011,England,Birmingham City,19
2011/2012,Belgium,KSV Cercle Brugge,19
2011/2012,Germany,Hamburger SV,19
2011/2012,Italy,Novara,19
2011/2012,Germany,Hertha BSC Berlin,19
2011/2012,England,Wolverhampton Wanderers,19
2011/2012,Portugal,Gil Vicente FC,19
2011/2012,Scotland,Inverness Caledonian Thistle,19
2011/2012,Poland,Korona Kielce,19
2011/2012,Spain,Real Zaragoza,19
2011/2012,Netherlands,De Graafschap,19
2011/2012,Belgium,KVC Westerlo,19
2012/2013,France,AC Ajaccio,19
2012/2013,Italy,Atalanta,19
2012/2013,Poland,Widzew Łódź,19
2012/2013,Netherlands,N.E.C.,19
2012/2013,Germany,FC Augsburg,19
2012/2013,Poland,Polonia Bytom,19
2013/2014,Spain,Levante UD,19
2013/2014,Spain,Real Betis Balompié,19
2013/2014,Italy,Chievo Verona,19
2013/2014,Poland,Cracovia,19
2013/2014,Portugal,Estoril Praia,19
2013/2014,Netherlands,Heracles Almelo,19
2014/2015,Scotland,St. Johnstone FC,19
2014/2015,Spain,Elche CF,19
2014/2015,Italy,Cesena,19
2014/2015,England,Hull City,19
2014/2015,Italy,Parma,19
2014/2015,Netherlands,NAC Breda,19
2014/2015,Belgium,SV Zulte-Waregem,19
2015/2016,Poland,Pogoń Szczecin,19
2015/2016,Scotland,Kilmarnock,19
2015/2016,England,Crystal Palace,19
2015/2016,Poland,Podbeskidzie Bielsko-Biała,19
2015/2016,Portugal,Moreirense FC,19
2015/2016,Netherlands,Willem II,19
2015/2016,Belgium,KV Kortrijk,19
2015/2016,France,SM Caen,19
2015/2016,Poland,Górnik Łęczna,19
2015/2016,Belgium,Waasland-Beveren,19
2008/2009,Portugal,SC Braga,18
2008/2009,Scotland,Hamilton Academical FC,18
2008/2009,Scotland,Kilmarnock,18
2008/2009,France,Le Mans FC,18
2008/2009,Scotland,Inverness Caledonian Thistle,18
2008/2009,Germany,Karlsruher SC,18
2008/2009,France,AJ Auxerre,18
2008/2009,England,Hull City,18
2008/2009,Italy,Siena,18
2008/2009,Portugal,Académica de Coimbra,18
2009/2010,Germany,1. FC Nürnberg,18
2009/2010,Netherlands,Sparta Rotterdam,18
2009/2010,France,FC Sochaux-Montbéliard,18
2009/2010,Poland,Cracovia,18
2009/2010,Poland,Jagiellonia Białystok,18
2009/2010,Switzerland,FC Aarau,18
2009/2010,Germany,1. FC Köln,18
2009/2010,Netherlands,RKC Waalwijk,18
2009/2010,Germany,VfL Bochum,18
2009/2010,Portugal,Leixões SC,18
2009/2010,Poland,Wisła Kraków,18
2009/2010,Scotland,St. Mirren,18
2010/2011,Portugal,Vitória Setúbal,18
2010/2011,Poland,GKS Bełchatów,18
2010/2011,Portugal,Sporting CP,18
2010/2011,Portugal,,18
2011/2012,Poland,Zagłębie Lubin,18
2011/2012,Switzerland,FC Sion,18
2012/2013,Portugal,Vitória Setúbal,18
2012/2013,Italy,Chievo Verona,18
2012/2013,Portugal,Gil Vicente FC,18
2012/2013,Germany,Hamburger SV,18
2012/2013,Scotland,Aberdeen,18
2012/2013,Switzerland,FC Luzern,18
2012/2013,Portugal,Vitória Guimarães,18
2012/2013,Switzerland,Servette FC,18
2012/2013,Poland,Piast Gliwice,18
2013/2014,England,Crystal Palace,18
2013/2014,Poland,Widzew Łódź,18
2013/2014,Poland,Ruch Chorzów,18
2013/2014,Germany,Eintracht Braunschweig,18
2013/2014,Spain,Granada CF,18
2014/2015,Germany,VfB Stuttgart,18
2014/2015,Germany,1. FC Köln,18
2014/2015,Belgium,Lierse SK,18
2014/2015,Portugal,Moreirense FC,18
2014/2015,Poland,Lechia Gdańsk,18
2014/2015,England,Aston Villa,18
2015/2016,Italy,Udinese,18
2015/2016,Belgium,Royal Excel Mouscron,18
2015/2016,Germany,FC Augsburg,18
2015/2016,Italy,Frosinone,18
2008/2009,Netherlands,De Graafschap,17
2008/2009,England,Wigan Athletic,17
2008/2009,England,Middlesbrough,17
2008/2009,Spain,RC Recreativo,17
2008/2009,France,Le Havre AC,17
2008/2009,Portugal,Leixões SC,17
2009/2010,Spain,Racing Santander,17
2009/2010,Portugal,FC Paços de Ferreira,17
2009/2010,Scotland,Falkirk,17
2009/2010,Belgium,Sporting Charleroi,17
2009/2010,Italy,Siena,17
2009/2010,Poland,Piast Gliwice,17
2010/2011,Portugal,SC Beira Mar,17
2010/2011,Belgium,Lierse SK,17
2010/2011,Portugal,Rio Ave FC,17
2010/2011,Italy,Cesena,17
2010/2011,Italy,Bologna,17
2011/2012,Scotland,Hibernian,17
2012/2013,Poland,Pogoń Szczecin,17
2012/2013,Scotland,Dundee FC,17
2012/2013,Belgium,Sporting Charleroi,17
2012/2013,France,Stade Brestois 29,17
2012/2013,Poland,Ruch Chorzów,17
2012/2013,France,AS Nancy-Lorraine,17
2013/2014,England,Norwich City,17
2014/2015,Portugal,CF Os Belenenses,17
2014/2015,France,FC Nantes,17
2014/2015,Portugal,FC Penafiel,17
2014/2015,Portugal,Vitória Setúbal,17
2014/2015,France,FC Lorient,17
2014/2015,Germany,Hertha BSC Berlin,17
2014/2015,Switzerland,FC Aarau,17
2015/2016,Poland,Polonia Bytom,17
2015/2016,Belgium,KVC Westerlo,17
2015/2016,Belgium,Sint-Truidense VV,17
2015/2016,Spain,Real Betis Balompié,17
2008/2009,Portugal,Rio Ave FC,16
2008/2009,Germany,DSC Arminia Bielefeld,16
2008/2009,Portugal,CF Os Belenenses,16
2009/2010,Belgium,KRC Genk,16
2010/2011,Portugal,S.C. Olhanense,16
2010/2011,Portugal,Vitória Guimarães,16
2010/2011,France,AS Monaco,16
2010/2011,Portugal,Académica de Coimbra,16
2011/2012,Portugal,S.C. Olhanense,16
2011/2012,Italy,Chievo Verona,16
2011/2012,Belgium,Lierse SK,16
2012/2013,Portugal,Sporting CP,16
2012/2013,Portugal,Moreirense FC,16
2012/2013,Belgium,KSV Cercle Brugge,16
2012/2013,Belgium,KAA Gent,16
2012/2013,Italy,Siena,16
2013/2014,Poland,Piast Gliwice,16
2013/2014,Germany,1. FC Nürnberg,16
2013/2014,Portugal,Vitória Guimarães,16
2014/2015,Italy,Chievo Verona,16
2014/2015,Poland,Zawisza Bydgoszcz,16
2014/2015,Portugal,Académica de Coimbra,16
2014/2015,England,Sunderland,16
2014/2015,Spain,Getafe CF,16
2014/2015,Portugal,FC Arouca,16
2014/2015,Germany,Hamburger SV,16
2015/2016,Germany,1. FC Köln,16
2015/2016,Belgium,Sporting Lokeren,16
2015/2016,Portugal,Vitória Setúbal,16
2015/2016,Poland,Jagiellonia Białystok,16
2015/2016,Poland,Korona Kielce,16
2008/2009,Italy,Chievo Verona,15
2008/2009,Poland,Widzew Łódź,15
2009/2010,Belgium,KSV Roeselare,15
2009/2010,Poland,Odra Wodzisław,15
2010/2011,Belgium,KAS Eupen,15
2010/2011,Italy,Chievo Verona,15
2010/2011,Switzerland,FC St. Gallen,15
2011/2012,Portugal,Vitória Setúbal,15
2011/2012,Italy,Cesena,15
2011/2012,Netherlands,Excelsior,15
2011/2012,Switzerland,Grasshopper Club Zürich,15
2011/2012,Switzerland,FC Lausanne-Sports,15
2012/2013,Poland,Wisła Kraków,15
2012/2013,Belgium,Waasland-Beveren,15
2012/2013,Italy,Pescara,15
2012/2013,Spain,CA Osasuna,15
2013/2014,Portugal,FC Paços de Ferreira,15
2013/2014,Italy,Bologna,15
2014/2015,Poland,GKS Bełchatów,15
2014/2015,Netherlands,FC Dordrecht,15
2015/2016,Germany,Hannover 96,15
2015/2016,Germany,SV Darmstadt 98,15
2015/2016,Netherlands,Roda JC Kerkrade,15
2008/2009,Germany,1. FC Köln,14
2008/2009,Poland,Odra Wodzisław,14
2008/2009,Portugal,Vitória Guimarães,14
2008/2009,Scotland,St. Mirren,14
2009/2010,Poland,Zagłębie Lubin,14
2009/2010,Poland,Arka Gdynia,14
2009/2010,Belgium,Sporting Lokeren,14
2009/2010,Germany,SC Freiburg,14
2010/2011,Portugal,CS Marítimo,14
2010/2011,Poland,Ruch Chorzów,14
2010/2011,France,AC Arles-Avignon,14
2010/2011,Belgium,Beerschot AC,14
2010/2011,Poland,Zagłębie Lubin,14
2010/2011,Portugal,CD Nacional,14
2011/2012,Poland,Wisła Kraków,14
2011/2012,Portugal,"União de Leiria, SAD",14
2012/2013,Portugal,CS Marítimo,14
2012/2013,Portugal,Rio Ave FC,14
2013/2014,Portugal,CF Os Belenenses,14
2014/2015,Netherlands,Go Ahead Eagles,14
2014/2015,England,Burnley,14
2014/2015,Scotland,St. Mirren,14
2014/2015,France,RC Lens,14
2014/2015,Switzerland,FC Vaduz,14
2015/2016,Poland,Śląsk Wrocław,14
2015/2016,England,Aston Villa,14
2008/2009,Poland,Ruch Chorzów,13
2008/2009,Portugal,Naval 1° de Maio,13
2009/2010,England,Wolverhampton Wanderers,13
2009/2010,France,AS Saint-Étienne,13
2009/2010,Poland,P. Warszawa,13
2009/2010,Portugal,Vitória Setúbal,13
2010/2011,Germany,Eintracht Frankfurt,13
2011/2012,Portugal,SC Beira Mar,13
2011/2012,Portugal,,13
2012/2013,England,Queens Park Rangers,13
2012/2013,Portugal,S.C. Olhanense,13
2012/2013,Poland,Jagiellonia Białystok,13
2012/2013,Belgium,Lierse SK,13
2013/2014,Spain,Elche CF,13
2013/2014,Portugal,Académica de Coimbra,13
2013/2014,Switzerland,FC Lausanne-Sports,13
2013/2014,Portugal,S.C. Olhanense,13
2013/2014,Portugal,Gil Vicente FC,13
2014/2015,Spain,Granada CF,13
2015/2016,France,ES Troyes AC,13
2008/2009,Poland,Cracovia,12
2008/2009,Portugal,Vitória Setúbal,12
2009/2010,Portugal,S.C. Olhanense,12
2009/2010,Poland,Lechia Gdańsk,12
2009/2010,Portugal,Naval 1° de Maio,12
2009/2010,Portugal,CF Os Belenenses,12
2010/2011,Portugal,"União de Leiria, SAD",12
2010/2011,Portugal,Naval 1° de Maio,12
2010/2011,Italy,Bari,12
2010/2011,Scotland,Hamilton Academical FC,12
2010/2011,Belgium,Sint-Truidense VV,12
2011/2012,Switzerland,Neuchâtel Xamax,12
2011/2012,Poland,Podbeskidzie Bielsko-Biała,12
2011/2012,Germany,1. FC Kaiserslautern,12
2012/2013,Poland,GKS Bełchatów,12
2013/2014,Portugal,FC Arouca,12
2014/2015,Spain,Córdoba CF,12
2014/2015,Belgium,Waasland-Beveren,12
2015/2016,Netherlands,SC Cambuur,12
2008/2009,Poland,Piast Gliwice,11
2011/2012,Portugal,Académica de Coimbra,11
2011/2012,Spain,Racing Santander,11
2013/2014,Poland,Podbeskidzie Bielsko-Biała,11
2014/2015,Belgium,KSV Cercle Brugge,11
2014/2015,Portugal,Gil Vicente FC,11
2009/2010,Portugal,Rio Ave FC,10
2009/2010,Germany,Hertha BSC Berlin,10
2010/2011,Belgium,Sporting Charleroi,10
2010/2011,Scotland,St. Johnstone FC,10
2011/2012,Poland,Cracovia,10
2012/2013,Germany,SpVgg Greuther Fürth,10
2013/2014,Portugal,Rio Ave FC,10
2015/2016,Portugal,Boavista FC,10
2008/2009,France,Grenoble Foot 38,9
2011/2012,Poland,Lechia Gdańsk,9
2013/2014,Belgium,KAA Gent,6
2013/2014,Belgium,Lierse SK,5
2013/2014,Belgium,Waasland-Beveren,4
2013/2014,Belgium,KV Oostende,3
